"Quarter Timestamp","Estimated This Quarter472","Estimated Last Quarter472","Estimated Half Year Ago472","Estimated Three Quarters Ago472","Estimated One Year Ago472","Estimated This Quarter550","Estimated Last Quarter550","Estimated Half Year Ago550","Estimated Three Quarters Ago550","Estimated One Year Ago550","Estimated This Quarter551","Estimated Last Quarter551","Estimated Half Year Ago551","Estimated Three Quarters Ago551","Estimated One Year Ago551","Estimated This Quarter431","Estimated Last Quarter431","Estimated Half Year Ago431","Estimated Three Quarters Ago431","Estimated One Year Ago431","Estimated This Quarter553","Estimated Last Quarter553","Estimated Half Year Ago553","Estimated Three Quarters Ago553","Estimated One Year Ago553","Estimated This Quarter433","Estimated Last Quarter433","Estimated Half Year Ago433","Estimated Three Quarters Ago433","Estimated One Year Ago433","Estimated This Quarter510","Estimated Last Quarter510","Estimated Half Year Ago510","Estimated Three Quarters Ago510","Estimated One Year Ago510","Estimated This Quarter554","Estimated Last Quarter554","Estimated Half Year Ago554","Estimated Three Quarters Ago554","Estimated One Year Ago554","Estimated This Quarter555","Estimated Last Quarter555","Estimated Half Year Ago555","Estimated Three Quarters Ago555","Estimated One Year Ago555","Estimated This Quarter512","Estimated Last Quarter512","Estimated Half Year Ago512","Estimated Three Quarters Ago512","Estimated One Year Ago512","Estimated This Quarter556","Estimated Last Quarter556","Estimated Half Year Ago556","Estimated Three Quarters Ago556","Estimated One Year Ago556","Estimated This Quarter557","Estimated Last Quarter557","Estimated Half Year Ago557","Estimated Three Quarters Ago557","Estimated One Year Ago557","Estimated This Quarter558","Estimated Last Quarter558","Estimated Half Year Ago558","Estimated Three Quarters Ago558","Estimated One Year Ago558","Estimated This Quarter559","Estimated Last Quarter559","Estimated Half Year Ago559","Estimated Three Quarters Ago559","Estimated One Year Ago559","Estimated This Quarter516","Estimated Last Quarter516","Estimated Half Year Ago516","Estimated Three Quarters Ago516","Estimated One Year Ago516","Estimated This Quarter439","Estimated Last Quarter439","Estimated Half Year Ago439","Estimated Three Quarters Ago439","Estimated One Year Ago439","Estimated This Quarter518","Estimated Last Quarter518","Estimated Half Year Ago518","Estimated Three Quarters Ago518","Estimated One Year Ago518","Estimated This Quarter519","Estimated Last Quarter519","Estimated Half Year Ago519","Estimated Three Quarters Ago519","Estimated One Year Ago519","Estimated This Quarter99","Estimated Last Quarter99","Estimated Half Year Ago99","Estimated Three Quarters Ago99","Estimated One Year Ago99","Estimated This Quarter483","Estimated Last Quarter483","Estimated Half Year Ago483","Estimated Three Quarters Ago483","Estimated One Year Ago483","Estimated This Quarter560","Estimated Last Quarter560","Estimated Half Year Ago560","Estimated Three Quarters Ago560","Estimated One Year Ago560","Estimated This Quarter484","Estimated Last Quarter484","Estimated Half Year Ago484","Estimated Three Quarters Ago484","Estimated One Year Ago484","Estimated This Quarter561","Estimated Last Quarter561","Estimated Half Year Ago561","Estimated Three Quarters Ago561","Estimated One Year Ago561","Estimated This Quarter485","Estimated Last Quarter485","Estimated Half Year Ago485","Estimated Three Quarters Ago485","Estimated One Year Ago485","Estimated This Quarter563","Estimated Last Quarter563","Estimated Half Year Ago563","Estimated Three Quarters Ago563","Estimated One Year Ago563","Estimated This Quarter520","Estimated Last Quarter520","Estimated Half Year Ago520","Estimated Three Quarters Ago520","Estimated One Year Ago520","Estimated This Quarter564","Estimated Last Quarter564","Estimated Half Year Ago564","Estimated Three Quarters Ago564","Estimated One Year Ago564","Estimated This Quarter521","Estimated Last Quarter521","Estimated Half Year Ago521","Estimated Three Quarters Ago521","Estimated One Year Ago521","Estimated This Quarter446","Estimated Last Quarter446","Estimated Half Year Ago446","Estimated Three Quarters Ago446","Estimated One Year Ago446","Estimated This Quarter523","Estimated Last Quarter523","Estimated Half Year Ago523","Estimated Three Quarters Ago523","Estimated One Year Ago523","Estimated This Quarter524","Estimated Last Quarter524","Estimated Half Year Ago524","Estimated Three Quarters Ago524","Estimated One Year Ago524","Estimated This Quarter568","Estimated Last Quarter568","Estimated Half Year Ago568","Estimated Three Quarters Ago568","Estimated One Year Ago568","Estimated This Quarter448","Estimated Last Quarter448","Estimated Half Year Ago448","Estimated Three Quarters Ago448","Estimated One Year Ago448","Estimated This Quarter569","Estimated Last Quarter569","Estimated Half Year Ago569","Estimated Three Quarters Ago569","Estimated One Year Ago569","Estimated This Quarter526","Estimated Last Quarter526","Estimated Half Year Ago526","Estimated Three Quarters Ago526","Estimated One Year Ago526","Estimated This Quarter405","Estimated Last Quarter405","Estimated Half Year Ago405","Estimated Three Quarters Ago405","Estimated One Year Ago405","Estimated This Quarter527","Estimated Last Quarter527","Estimated Half Year Ago527","Estimated Three Quarters Ago527","Estimated One Year Ago527","Estimated This Quarter528","Estimated Last Quarter528","Estimated Half Year Ago528","Estimated Three Quarters Ago528","Estimated One Year Ago528","Estimated This Quarter407","Estimated Last Quarter407","Estimated Half Year Ago407","Estimated Three Quarters Ago407","Estimated One Year Ago407","Estimated This Quarter529","Estimated Last Quarter529","Estimated Half Year Ago529","Estimated Three Quarters Ago529","Estimated One Year Ago529","Estimated This Quarter20","Estimated Last Quarter20","Estimated Half Year Ago20","Estimated Three Quarters Ago20","Estimated One Year Ago20","Estimated This Quarter65","Estimated Last Quarter65","Estimated Half Year Ago65","Estimated Three Quarters Ago65","Estimated One Year Ago65","Estimated This Quarter571","Estimated Last Quarter571","Estimated Half Year Ago571","Estimated Three Quarters Ago571","Estimated One Year Ago571","Estimated This Quarter572","Estimated Last Quarter572","Estimated Half Year Ago572","Estimated Three Quarters Ago572","Estimated One Year Ago572","Estimated This Quarter530","Estimated Last Quarter530","Estimated Half Year Ago530","Estimated Three Quarters Ago530","Estimated One Year Ago530","Estimated This Quarter497","Estimated Last Quarter497","Estimated Half Year Ago497","Estimated Three Quarters Ago497","Estimated One Year Ago497","Estimated This Quarter574","Estimated Last Quarter574","Estimated Half Year Ago574","Estimated Three Quarters Ago574","Estimated One Year Ago574","Estimated This Quarter498","Estimated Last Quarter498","Estimated Half Year Ago498","Estimated Three Quarters Ago498","Estimated One Year Ago498","Estimated This Quarter411","Estimated Last Quarter411","Estimated Half Year Ago411","Estimated Three Quarters Ago411","Estimated One Year Ago411","Estimated This Quarter532","Estimated Last Quarter532","Estimated Half Year Ago532","Estimated Three Quarters Ago532","Estimated One Year Ago532","Estimated This Quarter576","Estimated Last Quarter576","Estimated Half Year Ago576","Estimated Three Quarters Ago576","Estimated One Year Ago576","Estimated This Quarter456","Estimated Last Quarter456","Estimated Half Year Ago456","Estimated Three Quarters Ago456","Estimated One Year Ago456","Estimated This Quarter533","Estimated Last Quarter533","Estimated Half Year Ago533","Estimated Three Quarters Ago533","Estimated One Year Ago533","Estimated This Quarter577","Estimated Last Quarter577","Estimated Half Year Ago577","Estimated Three Quarters Ago577","Estimated One Year Ago577","Estimated This Quarter534","Estimated Last Quarter534","Estimated Half Year Ago534","Estimated Three Quarters Ago534","Estimated One Year Ago534","Estimated This Quarter578","Estimated Last Quarter578","Estimated Half Year Ago578","Estimated Three Quarters Ago578","Estimated One Year Ago578","Estimated This Quarter535","Estimated Last Quarter535","Estimated Half Year Ago535","Estimated Three Quarters Ago535","Estimated One Year Ago535","Estimated This Quarter579","Estimated Last Quarter579","Estimated Half Year Ago579","Estimated Three Quarters Ago579","Estimated One Year Ago579","Estimated This Quarter536","Estimated Last Quarter536","Estimated Half Year Ago536","Estimated Three Quarters Ago536","Estimated One Year Ago536","Estimated This Quarter538","Estimated Last Quarter538","Estimated Half Year Ago538","Estimated Three Quarters Ago538","Estimated One Year Ago538","Estimated This Quarter539","Estimated Last Quarter539","Estimated Half Year Ago539","Estimated Three Quarters Ago539","Estimated One Year Ago539","Estimated This Quarter581","Estimated Last Quarter581","Estimated Half Year Ago581","Estimated Three Quarters Ago581","Estimated One Year Ago581","Estimated This Quarter463","Estimated Last Quarter463","Estimated Half Year Ago463","Estimated Three Quarters Ago463","Estimated One Year Ago463","Estimated This Quarter540","Estimated Last Quarter540","Estimated Half Year Ago540","Estimated Three Quarters Ago540","Estimated One Year Ago540","Estimated This Quarter584","Estimated This Quarter420","Estimated Last Quarter420","Estimated Half Year Ago420","Estimated Three Quarters Ago420","Estimated One Year Ago420","Estimated This Quarter541","Estimated Last Quarter541","Estimated Half Year Ago541","Estimated Three Quarters Ago541","Estimated One Year Ago541","Estimated This Quarter421","Estimated Last Quarter421","Estimated Half Year Ago421","Estimated Three Quarters Ago421","Estimated One Year Ago421","Estimated This Quarter542","Estimated Last Quarter542","Estimated Half Year Ago542","Estimated Three Quarters Ago542","Estimated One Year Ago542","Estimated This Quarter543","Estimated Last Quarter543","Estimated Half Year Ago543","Estimated Three Quarters Ago543","Estimated One Year Ago543","Estimated This Quarter422","Estimated Last Quarter422","Estimated Half Year Ago422","Estimated Three Quarters Ago422","Estimated One Year Ago422","Estimated This Quarter423","Estimated Last Quarter423","Estimated Half Year Ago423","Estimated Three Quarters Ago423","Estimated One Year Ago423","Estimated This Quarter544","Estimated Last Quarter544","Estimated Half Year Ago544","Estimated Three Quarters Ago544","Estimated One Year Ago544","Estimated This Quarter545","Estimated Last Quarter545","Estimated Half Year Ago545","Estimated Three Quarters Ago545","Estimated One Year Ago545","Estimated This Quarter502","Estimated Last Quarter502","Estimated Half Year Ago502","Estimated Three Quarters Ago502","Estimated One Year Ago502","Estimated This Quarter546","Estimated Last Quarter546","Estimated Half Year Ago546","Estimated Three Quarters Ago546","Estimated One Year Ago546","Estimated This Quarter426","Estimated Last Quarter426","Estimated Half Year Ago426","Estimated Three Quarters Ago426","Estimated One Year Ago426","Estimated This Quarter504","Estimated Last Quarter504","Estimated Half Year Ago504","Estimated Three Quarters Ago504","Estimated One Year Ago504","Estimated This Quarter548","Estimated Last Quarter548","Estimated Half Year Ago548","Estimated Three Quarters Ago548","Estimated One Year Ago548","Estimated This Quarter428","Estimated Last Quarter428","Estimated Half Year Ago428","Estimated Three Quarters Ago428","Estimated One Year Ago428","Estimated This Quarter549","Estimated Last Quarter549","Estimated Half Year Ago549","Estimated Three Quarters Ago549","Estimated One Year Ago549","Estimated This Quarter506","Estimated Last Quarter506","Estimated Half Year Ago506","Estimated Three Quarters Ago506","Estimated One Year Ago506","Estimated This Quarter429","Estimated Last Quarter429","Estimated Half Year Ago429","Estimated Three Quarters Ago429","Estimated One Year Ago429","Estimated This Quarter40","Estimated Last Quarter40","Estimated Half Year Ago40","Estimated Three Quarters Ago40","Estimated One Year Ago40","Estimated This Quarter507","Estimated Last Quarter507","Estimated Half Year Ago507","Estimated Three Quarters Ago507","Estimated One Year Ago507","Estimated This Quarter84","Estimated Last Quarter84","Estimated Half Year Ago84","Estimated Three Quarters Ago84","Estimated This Quarter508","Estimated Last Quarter508","Estimated Half Year Ago508","Estimated Three Quarters Ago508","Estimated One Year Ago508","Average","Ground Truth"
8016,,,,,,,,,,,,,,,,,,,,,,,,,,,,,,,,,,,,,,,,,,,,,,,,,,,,,,,,,,,,,,,,,,,,,,,,,,,,,,,,,,,,,,,,,,,,,,,,,,,,,,,,,,,,,,,,,,,,,,,,,,,,,,,,,,,,,,,,,,,,,,,,,,,,,,,,,,,,,,,,,,,,,,,,,,,,,,,,,,,,,,,,,,,,,,,,,,,,,,,,,,,,,,,,,,,,,,,,,,,,,,,,,,,,,,,,,,,,,,,,,,,,,,,,,,,,,,,,,,,,,,,,,,,,,,,,,,,,,,,,,,,,,,,,,,,,,,,,,,,,,,,,,,,,,,,,,,,,,,,,,,,,,,,,,,,,,,,,,,,,,,,,,,,,,,,,,,,,,,,,,,,,,,,,,,,,,,,,,,,,,,,,,,,,,,,,,,,,,,,,,,,,,,,,,,,,,,,,,,,,,,,,,,,,,,,NaN,130005.0
8017,,,,,,,,,,,,,,,,130216.0,,,,,,,,,,130157.0,,,,,130525.0,,,,,,,,,,,,,,,130198.0,,,,,,,,,,,,,,,,,,,,,,,,,130368.0,,,,,,,,,,130229.0,,,,,130313.0,,,,,,,,,,130167.0,,,,,,,,,,130255.0,,,,,,,,,,130196.0,,,,,,,,,,,,,,,,,,,,130183.0,,,,,130393.0,,,,,130832.0,,,,,,,,,,,,,,,130288.0,,,,,,,,,,,,,,,,,,,,,,,,,,,,,,,,,,,,,,,,130290.0,,,,,,,,,,,,,,,,,,,,,,,,,,,,,,,,,,,,,,,,130232.0,,,,,,,,,,,,,,,130528.0,,,,,,,,,,,,,,,,,,,,,,,,,,,,,,,,,,,,,,,,,,,,,,,,,,,,,,,130280.0,,,,,,,,,,,,,,,,,,,,,,,,,,,,,,,,,,,,,,,,,,,,,,,,,,,,,,,,130415.0,,,,,,,,,,130232.0,,,,,130367.0,,,,,,,,,,130295.0,,,,,,,,,,130280.0,,,,,,,,,,130425.0,,,,,130283.0,,,,,,,,,,,,,,130317.88,130327.0
8020,,,132006.0,,,,,,,,,,,,,,,,131545.0,,,,,,,,,131951.0,132046.0,,,,132761.0,132922.0,,,,,,,,,,,,,,131652.0,130666.0,,,,,,,,,,,,,,,,,,,,,,,,,131410.0,,,,,,,,,131887.0,131648.0,,,,132485.0,132733.0,,,,,,,,,132442.0,131337.0,,,,,,,,,131907.0,131834.0,,,,,,,,,,131593.0,,,,,,,,,,,,,,,,,,,132028.0,131252.0,,,,132500.0,132684.0,,,,,133025.0,,,,131706.0,,,,,,,,,,131944.0,131572.0,,,,,,,,,132941.0,,,,,,,,,,,,,,,,,,,,,,,,,,,,,,130719.0,130624.0,,,,,,,,,,,,,,,,,,,,,,,,,,,,,,,,,,,,,,,132149.0,132242.0,,,,,,,,,,,,,,132537.0,132030.0,,,,,,,,,,,,,,,,,,,,,,,,,,,,,,,,,,,,,,,,,,,,,,,,,,,,,,132166.0,131803.0,,,,,,,,,,,,,,,,,,,,132537.0,,,,,,,,,,,,,,,,,,,,,,,,,,,,,,,,,,,,132070.0,,,,,,,,,131488.0,131532.0,,,,132414.0,132576.0,,,,,,,,,131888.0,131625.0,,,,,,,,,132157.0,132548.0,,,,132597.0,,,,,,132059.0,,,,,131891.0,,,,132350.0,,,,,,,132009.77551020408,132116.0
8021,132559.0,,,132160.0,,,,,,,,,,,,132300.0,,,,132146.0,,,,,,132561.0,,,132482.0,132623.0,132667.0,,,133451.0,134145.0,,,,,,,,,,,132563.0,,,132005.0,131201.0,,,,,,,,,,,,,,,,,,,,,132682.0,,,,131851.0,,,,,,132243.0,,,132436.0,132188.0,,,,133180.0,133465.0,132629.0,,,,,132314.0,,,133034.0,131827.0,,,,,,132611.0,,,132352.0,132279.0,,,,,,,,,,132094.0,,,,,,132544.0,,,,,,,,,,132636.0,,,132588.0,131741.0,132621.0,,,133100.0,133570.0,,,,,133764.0,132593.0,,,131978.0,,,,,,,132572.0,,,132431.0,132058.0,,,,,,132798.0,,,134023.0,,,,,,,132550.0,,,,,132571.0,,,,,,,,,,,,,,,132553.0,,,130860.0,130823.0,132416.0,,,,,,,,,,,,,,,,,,,,,,,,,,,,,,,,,,,132660.0,,,132879.0,133064.0,,,,,,,,,,,132565.0,,,133062.0,132555.0,,,,,,,,,,,,,,,,,,,,,,,,,,,,,,,,,,,,,,,,,,,,,,,,,,,132565.0,,,132697.0,132332.0,,,,,,,132836.0,,,,,,,,,,132537.0,,,133317.0,,,,,,,,,,,,,,,,,,,,,,,,,,,,,,,,132600.0,,,,132770.0,,,,,,132555.0,,,131717.0,131761.0,133015.0,,,133314.0,133476.0,,,,,,132659.0,,,132457.0,132185.0,,,,,,132574.0,,,132765.0,133371.0,132554.0,,,133284.0,,,,,,132737.0,132609.0,,,,132582.0,,,,132875.0,132621.0,,,,,132590.0975609756,132772.0
8024,,,134338.0,134012.0,,,,,,,,,,,,,,134795.0,134000.0,,,,,,,,,134591.0,134138.0,,,,135428.0,135538.0,,,,,,,,,,,,,,134483.0,134299.0,,,,,,,,,,,,,,,,,,,,,,,,134924.7,134818.0,,,,,,,,,134434.0,133796.0,,,,134942.0,,,,,134539.0,134168.0,,,,133833.3,132810.0,,,,,,,,,134405.0,134243.0,,,,,,,,,,,,,,,,,,,,133893.0,,,,,,,,,134422.0,134096.0,,,,134400.0,134319.0,,,,,,,,,133718.0,133562.0,,,,,,,,,134353.0,133938.0,,,,,,,,,134666.0,134843.0,,,,,,,,,134425.0,134150.0,,,,134350.0,133965.0,,,,,,,,,134817.0,,,,,,133868.0,,,,133807.0,133816.0,,,,,,,,,,,,,,134347.0,,,,,,,,,,,,,,,,,,,,134240.0,134383.0,,,,134193.0,,,,,,,,,,134497.0,134363.0,,,,134200.0,,,,,,,,,,133970.0,,,,,,,,,,134800.0,,,,,,,,,,134168.0,,,,,,,,,,134622.0,,,,,,,,,,134545.0,134183.0,,,,,,,,,,,134996.0,,,,,,,,,134806.0,134680.0,,,,134578.0,,,,,134200.0,,,,,,,,,,134522.0,,,,,134506.0,,,,,134200.0,,,,,,133700.0,,,,,,,,,,134150.0,,,,135276.0,135711.0,,,,,,,,,134800.0,134527.0,,,,,,,,,134352.0,134296.0,,,,,134045.0,,,,,,,,,,134511.0,,,,,,,,134526.5,134525.0,,134374.81506849316,134294.0
8025,134874.0,,,134781.0,134455.0,134547.0,,,,,,,,,,134860.0,,,135363.0,134600.0,,,,,,134792.0,,,135164.0,136847.0,134835.0,,,136043.0,136143.0,,,,,,,,,,,135011.0,,,134938.0,134756.0,,,,,,,,,,,,,,,,,,,,,134732.0,,,135464.31,135436.0,,,,,,135123.0,,,134798.0,134342.0,134888.0,,,135587.0,,134840.0,,,135070.0,134624.0,134394.0,,,134000.3,132976.0,,,,,,134697.0,,,134909.0,134746.0,,,,,,,,,,,,,,,,,,,,134342.0,,,,,,134868.0,,,134902.0,134546.0,134800.0,,,134900.0,134918.0,,,,,,134193.0,,,133702.0,133663.0,,,,,,134877.0,,,134881.0,134465.0,,,,,,135069.0,,,135397.0,135576.0,,,,,,134625.0,,,134775.0,134650.0,134850.0,,,134770.0,134429.0,135045.0,,,,,,,,135497.0,,,,,,134309.0,134594.0,,,134182.0,134391.0,,,,,,,,,,,,,,134917.0,,134934.0,,,,,,,,,,,,,,,134946.0,,,134768.0,134946.0,134629.0,,,134543.0,,,,,,,,,,135097.0,134962.0,134743.0,,,134650.0,,,,,,,,,,134370.0,,,,,,,134946.0,,,135400.0,,,,,,,134935.0,,,134637.0,,,,,,,134899.0,,,135222.0,,,,,,,134935.0,,,135077.0,134725.0,,,,,,,134819.0,,,,135641.0,,,,,,134951.0,,,135481.0,135375.0,,,,135146.0,,,,,134800.0,,,,,,,,,,135065.0,,134865.0,,,135044.0,,134800.0,,,134800.0,,,,,,133900.0,134890.0,,,,,134700.0,,,,134874.0,134854.0,,,136001.0,136610.0,134835.0,,,,,134903.0,,,135500.0,135039.0,134679.0,,,,,134839.0,,,134768.0,134652.0,134879.0,,,,134565.0,,,,,,,,,,135250.0,,,,,134939.0,,,135064.84,135153.0,134885.34304347826,134750.0
8028,,,136069.0,136236.0,,,,135243.0,134643.0,,,,,,,,,136029.0,136687.0,,,,,,,,,135856.0,136205.0,,,,136058.0,136029.0,,,,,,,,,,,,,,136585.0,136721.0,,,,,,,,,,,,,,,,,,,,,,,,136191.0,136100.0,,,,,,,,,135907.0,136262.0,,,,136445.0,136647.0,,,,136142.0,136598.0,,,,135672.0,134696.0,,,,,,,,,136170.0,136150.0,,,,,,,,,,,,,,,,,,,136055.0,,,,,,,,,,136170.0,136288.0,,,,136200.0,136400.0,,,,,,,,,135936.0,134247.0,,,,,,,,,136376.0,136245.0,,,,,,,,,137144.0,137245.0,,,,136309.0,,,,,136150.0,135675.0,,,,136173.0,136486.0,,,,,137047.0,,,,,,,,,136436.0,,,,,135300.0,135344.0,,,,,,,,,,,,,,,,,,,,136290.0,,,,,,,,,,,,,,136141.0,136286.0,,,,135943.0,135285.0,,,,,,,,,136380.0,,,,,,136006.0,,,,,,,,,,,,,,,,,,,136500.0,136697.0,,,,,,,,,136024.0,136193.0,,,,136150.0,,,,,136468.0,136700.0,,,,,,,,,136343.0,136741.0,,,,,,,,,,,136364.0,,,,136100.0,,,,,136797.0,136931.0,,,,136344.0,,,,,136288.0,,,,,136000.0,,,,,136414.0,,,,,136204.0,136319.0,,,,136350.0,136000.0,,,,,,,,,136370.0,136571.0,,,,135400.0,136200.0,,,,136416.0,136500.0,,,,136209.0,136345.0,,,,136317.0,136684.0,,,,,135652.0,,,,136270.0,136407.0,,,,136320.0,136783.0,,,,,,,,,136520.0,,,,,,,,,136190.0,136163.0,,136201.57777777777,136051.0
8029,136499.7214,,,136399.0,136606.0,,,,134264.0,134264.0,136492.1047,,,,,136427.5286,,,136350.0,137161.0,,,,,,136457.3291,,,136158.0,136771.0,136353.9449,,,137690.0,136379.0,,,,,,,,,,,136470.2482,,,137115.0,137252.0,,,,,,,,,,,,,,,,,,,,,136462.3003,,,136775.0,136530.0,,,,,,135682.1991,,,136440.0,136627.0,136504.0265,,,136979.0,137176.0,,,,136556.0,137186.0,136390.1914,,,136010.0,134798.0,,,,,,136459.153,,,136646.0,136695.0,,,,,,,,,,,,,,,,,,,136490.0,,,,,,,136472.2351,,,136560.0,136678.0,136402.3455,,,136600.0,136800.0,,,,,,136425.3441,,,136154.0,134150.0,,,,,,136482.5011,,,136905.0,136758.0,,,,,,136487.667,,,137849.0,137930.0,136364.556,,,136829.0,,136500.0,,,136525.0,136000.0,136468.2612,,,136640.0,136950.0,136473.5247,,,,137597.0,,,,,,136465.2808,,,136736.0,,,,,135500.0,135719.0,,,,,,,,,,,,,,,,136534.2102,,,,136704.0,,,,,,,,,,,137372.0,,,136428.0,136655.0,,,,136293.0,,,,,,,135462.1981,,,136605.0,,135506.5735,,,,136426.0,,,,,,,,,,,,,,,,136457.3291,,,137000.0,137185.0,,,,,,136482.1699,,,136273.0,136612.0,,,,136450.0,,136511.9743,,,137068.0,,,,,,,136515.2695,,,136873.0,137302.0,136442.4308,,,,,,136410.0,,,,136859.0,136491.0264,,,136500.0,,136435.0,,,137490.0,137624.0,136491.0264,,,136818.0,,136389.8594,,,136658.0,,,,,136500.0,,,,,136959.0,,136459.4719,,,136612.0,136728.0,,,,136720.0,136400.0,,,,,,136508.9939,,,136900.0,137102.0,136397.7988,,,135900.0,136500.0,136462.3003,,,137066.0,137151.0,136343.0,,,136646.0,136783.0,136337.3902,,,136685.0,137040.0,,,,,135678.0,,,,136763.0,136882.0,,,,136833.0,137330.0,,,,,,136796.7859,,,137090.0,,,,,,136302.3536,,,136625.0,136508.0,136559.31774732823,137464.0
8032,,,138474.0,137784.9522,,,,137597.0,,,,,138712.5452,137861.1189,,,,138327.0,137273.9728,,,,,,,,,,136866.1912,,,,137710.6,136292.0843,,,,,,,,,,,,,,138662.0,137756.8036,,,,,,,,,,,,,,,,,,,,,,,,138272.0,137356.4315,,,,138614.0,,,,,138160.2381,136648.9415,,,,138500.0,138093.593,,,,138550.0,,,,,138888.6592,137547.8622,,,,,,,,,138393.9369,137896.9863,,,,,,,,,,,,,,,,,,,138400.0,,,,,,,,,,138505.0,137480.6164,,,,138477.3394,137353.5444,,,,,,,,,137414.7186,137683.9493,,,,,,,,,,137724.6811,,,,,,,,,138951.1392,138003.7892,,,,138564.621,137357.9218,,,,138460.0,137875.0,,,,138394.0,137541.2186,,,,138396.3,137851.351,,,,,,,,,138146.7,137326.9252,,,,138699.194,,,,,,,,,,,,,,,,,,,,138423.6298,137376.7853,,,,,,,,,,,,,,138414.0,138508.0,,,,,,,,,,,,,,138153.0,136058.2855,,,,,136251.6828,,,,,,,,,,,,,,,,,,,138596.5257,137513.502,,,,,,,,,,137547.1795,,,,,,,,,138589.0,137853.1711,,,,,,,,,138964.0,137855.9685,,,,138475.0,137482.6034,,,,,138500.0,137290.0,,,,138699.2956,137717.5785,,,,138502.0,137617.0,,,,138733.5804,137751.6207,,,,138047.2521,137241.3661,,,,138493.5949,,,,,138856.8579,,,,,138345.0,137554.0585,,,,,,,,,,,,,,138604.0,137850.1906,,,,138321.9744,137555.5556,,,,,137778.6601,,,,138262.106,137235.0,,,,,137209.9132,,,,,,,,,138306.0,,,,,138454.0,,,,,,,,,,138920.0,138228.1525,,,,,,,,139311.1612,138012.0836,,138003.47484943824,138445.0
8033,138550.305,,,138813.3333,138257.1859,138626.1439,,,137625.0,,138400.8722,,,139124.0545,138293.2823,138439.0,,,138658.0,137535.2578,138756.0,,,,,,,,,137207.081,138506.4446,,,137821.6333,136632.8145,138503.1685,,,,,138883.2694,,,,,138566.3515,,,139098.0,138190.954,,,,,,138490.1307,,,,,,,,,,,,,,,138436.3082,,,138562.0,137654.4752,,,,139004.0,,138712.9301,,,138449.7113,137097.4991,138581.3951,,,139000.0,138689.6805,138650.0,,,138800.0,,138445.3343,,,139406.5874,137958.6617,,,,,,138479.5983,,,138809.1187,138310.6772,,,,,,,,,,,,,,,,138595.0,,,138900.0,,,,,,,138932.0775,,,138835.0,137823.3667,138514.5051,,,138787.8673,137752.5315,,,,,,138652.5367,,,137689.548,138062.4482,,,,,,138508.183,,,,138201.5511,,,,,,138729.9493,,,139538.141,138546.6675,,,,138944.4914,137809.928,138375.7996,,,138985.0,137400.0,138640.5664,,,138754.0,137988.2842,138480.4025,,,138882.4,138351.2081,,,,,,,,,138440.0,137631.6252,,,,139010.2195,,,,,,,,,,,,,,,,,,,,138799.942,137627.2583,,,,,,,,,,,138902.3246,,,138757.0,138883.0,,,,,,,,,,,,,,138378.0,136326.5249,,,,,136549.7265,,,,,,,,,,,,,,,,138112.9703,,,139010.4573,137924.199,,,,,,,,,,137853.1711,,,,,,138715.7843,,,138964.0,,,,,,,138576.3805,,,139144.0,138286.9688,138495.1452,,,138800.0,137144.8205,,138550.0,,,138870.0,137640.0,,,,139147.8873,,138559.3312,,,138889.0,138016.0,138617.7327,,,139147.9213,138163.0288,138445.0,,,138253.8587,137549.1225,,,,138907.219,,138325.0,,,139355.1071,,,,,138600.0,137966.7207,,,,,,,,,,,138526.2353,,,138994.0,138277.3866,138652.2019,,,138700.8007,138070.415,138578.3863,,,,138325.0736,139101.6548,,,138586.741,137750.0,,,,,137611.7854,,,,,,,,,138649.8,,,,,138856.0,,,,,,,138563.3428,,,139406.22,138848.7377,,,,,138972.6922,,,139996.0308,138976.2485,138449.12431640623,137925.0
8036,,,137792.3333,139316.5243,,,,138410.0,139110.0,,,,137800.0,138400.8722,,,,137613.0,138196.0,,,,137890.3809,139765.0,,,,,,,,,137993.7333,139301.6145,,,,138398.0,138694.7233,,,,137150.0,139144.0247,,,,137858.0,139127.9782,,,,137122.6507,,,,,137118.0,138662.0789,,,,,,,,,,,,,,136518.0,136931.9509,,,,,,,,,,139224.8387,,,,138333.2,139450.9136,,,,,139600.0,,,,137717.6933,138652.8123,,,,,,,,,137924.9655,139205.673,,,,,,,,,,,,,,,,,,,,139335.0,,,,,,,,,137168.5556,138959.4902,,,,137345.6194,138998.9433,,,,138528.0,,,,,138066.2647,139275.8687,,,,,,,,,,138950.4641,,,,,,,,,138465.7499,139813.2243,,,,,,,,,,138601.4532,,,,137940.0,139392.7451,,,,137969.667,138988.073,,,,,,,,,137748.0,,,,,,,,,,,,,,,,,,,,,,,,,,,,,,,,,,,,,,,,138825.0,139923.2818,,,,,,,,,,,,,,,,,,,,,,,,,,,,,,,,,,,,,,,137855.6063,138733.7053,,,,,,,,,,,,,,,,,,,,139528.1373,,,,,,,,,137942.8267,139454.9252,,,,137680.0,138700.7407,,,,,,139300.0,,,,,,,,,138261.0,139218.2397,,,,137993.3944,139552.3194,,,,137821.5088,138652.5811,,,,,,,,,,139464.0,,,,137885.0488,,,,,,,,,,,,,,,137468.0,138339.695,,,,137845.0,139552.1485,,,,137741.0,138578.3863,,,,138721.042,141121.0702,,,,137740.27,,,,,,,,,,137652.4,,,,,137700.0,,,,,,,,,,137854.6667,139250.3326,,,,,,,,138475.0738,139874.0696,,138502.19197901234,136033.0
8037,134801.8807,,,137923.3333,,,,,138554.0,139275.0,,,,137900.0,138400.8722,134098.1455,,,137916.0,138578.0,134387.7223,,,138166.1616,140149.0,,,,,,135304.4333,,,138171.7333,139652.6312,,,,138767.0,138801.6998,134453.0,,,137090.0,139254.3442,134260.8028,,,137993.0,139398.7625,134631.2074,,,136965.4526,,134298.3455,,,136928.0,138790.8959,,,,,,135728.0,,,,,,,,135951.3333,136764.8,,,,,,134688.2948,,,,139609.796,,,,138674.2,139910.244,,,,,140100.0,134651.4448,,,137717.6933,138894.8204,,,,,,134604.6535,,,138062.8905,139552.3897,,,,,,,,,,,,,,,,,,,,139605.0,,,,,,,,,136966.3333,139009.6354,134370.0401,,,137551.1759,139206.9742,,,,138878.0,,135475.7092,,,138275.1228,139588.1873,,,,,,,,,,139319.533,,,,,,133752.5499,,,138876.8116,,,,,,,,,,,139052.7604,133668.2891,,,138030.0,139723.7037,,,,138312.355,139362.5577,,,,,,,,,137723.0,,,,,,,,,,,,,,,,,,,,,,,,,,,,,,,,,,,,,134310.5686,,,139054.0,140537.0596,,,,,,,,,,,,,,,,,,,,,,,,,,,,,,,,,,,,134370.37,,,138130.4942,139182.4083,,,,,,,,,,,,,,,,,,,,,,,,,,134322.8141,,,138234.6454,139801.9303,134357.6625,,,137720.0,138796.0167,,135000.0,,,,139550.0,,,,,,134546.0377,,,138579.0,139552.207,134370.37,,,138337.0917,139934.5154,134487.0,,,137855.9513,138721.8555,,,,,,134374.6964,,,,139905.0,134194.1882,,,138160.8189,,,,,,,,,,,,134367.6824,,,137448.0,138440.9884,134616.6962,,,137911.0,140107.0388,134848.6406,,,138009.3333,138578.3863,,,,138839.058,141778.5303,134518.563,,,138070.7,,,,,,,134280.5088,,,137637.2,,,,,137889.0,,,,,,,134274.1628,,,138013.0,139604.6923,,,,,135368.3161,,,139274.1057,140311.3239,137451.74190720712,133678.0
8040,,,131199.3333,133128.2132,,,,,,,,,,,,,,130948.0,131010.9953,,,,131900.0,133766.4847,,,,130850.1775,,,,,132469.0,136051.1667,,,,,,,,,130409.0,132648.0,,,,130866.0,131249.8044,,,,130830.0,134558.0617,,,,130897.6667,133259.5562,,,,132637.2986,,,,,,135301.0,,,,129235.6667,,,,,,,,,,130541.0109,131542.2525,,,,,,,,,,,,,,130273.0389,132282.6232,,,,,,,,,131285.5071,132361.9015,,,,130900.0,,,,,,,,,,,,,,,,,,,,,,,,,,,,,,131517.2942,132953.7935,,,,,,,,,131375.7496,134334.888,,,,,,,,,,,,,,,,,,,134500.0,132718.6076,,,,,,,,,131770.0,,,,,130447.4793,131113.199,,,,131203.859,,,,,,,,,,133360.0,,,,,,,,,,,,,,,,,,,,,,,,,,,,,,,,,,,,,,,,130982.0,133082.1214,,,,,,,,,,,,,,,,,,,,,,,,,,,,,,,,,,,,,,,131242.9677,133319.6818,,,,,,,,,,,,,,,,,,,,,,,,,,,,,130799.7715,132812.7832,,,,131372.0,132168.3009,,,,,132900.0,134200.0,,,,,,,,,130921.0,132697.3548,,,,131276.3562,132780.4927,,,,131089.0,132456.0,,,,,,,,,130267.239,131448.8677,,,,130537.3884,131493.9496,,,,,,,,,,,,,,130497.0,132589.1393,,,,135652.4,133772.2759,,,,130449.9662,134848.6406,,,,130894.4,,,,,130787.69,132640.6018,,,,,,,,,130905.0,132320.6043,,,,,,,,,,,,,,130955.6667,132674.3089,,,,,,,,131448.5364,133899.8954,,132053.15109178083,130965.0
8041,130890.9092,,,131293.3333,132961.2138,,,,,,,,,,,,,,131403.0,131282.5363,131300.0,,,131900.0,133966.884,,,,130850.1775,,131242.0,,,133223.0,136700.0,,,,,,131005.0,,,130169.0,132618.0,,,,130668.0,130945.8656,130918.5248,,,130322.0,134876.6965,130885.184,,,131260.6667,133172.2635,131322.4915,,,132522.0032,,,,,,135393.0,131118.3333,,,128585.6667,,,,,,,130813.0,,,129934.3469,131129.9258,,,,,,,,,,,131367.9972,,,130403.117,132414.708,130905.0,,,,,130637.5875,,,130924.4719,131997.9062,,,,130700.0,,,,,,,,,,,,,,,,,130967.6549,,,,,,,,,,130866.9986,,,131714.1278,132953.7935,,,,,,131091.855,,,131238.9769,134477.2599,,,,,,,,,,,,,,,,,,,134750.0,132834.8427,,,,,,130900.0,,,131900.0,,131171.233,,,130221.2524,130992.9594,131090.9881,,,131332.875,,,,,,,,,,133400.0,,,,,,,,,,,,,,,,,,,,,,,,,,,,,,,,130901.3492,,,,,,,,130988.0,133372.7002,,,,,,,,,,,130964.6633,,,,,,,,,,,,,,,,,,,,,,,,,130965.0,,,131602.4066,133684.8082,,,,,,,,,,,,,,,,,,,,,,,,,,130966.0103,,,131076.2218,133192.8611,130852.8534,,,131727.0,132166.2969,,131000.0,,,133250.0,134350.0,130998.0624,,,,,130778.0,,,131035.0,132793.5465,131095.769,,,131472.8292,132946.158,,,,130924.0,132202.0,131162.0,,,,,,,,129952.5158,130952.8796,,,,130700.5602,131700.0,,,,,,,,,,,130857.905,,,130567.0,132664.289,131436.2176,,,137120.6,134039.0215,131114.1921,,,130334.0106,134848.6406,130655.1853,,,130824.621,,131019.4366,,,130776.96,132622.1851,,,,,,130947.8244,,,130831.0,132467.8977,,,,,,,,,,,130851.5063,,,130945.6667,132696.0189,,,,,132006.6993,,,131725.9115,134244.9655,131755.0447155963,129647.0
8044,,,131912.6667,131678.9664,,,,,,,,,130866.0,,,,,131764.0,,,,,131950.0,132500.0,,,,,,,,,131341.0,133028.0,,,,,,,,,130382.0,131165.0,,,,,,,,,131127.0,131901.5756,,,,131358.0,131309.5224,,,,131570.0,132543.9819,,,,130526.0,,,,,131300.0,132760.0,,,,,,,,,130902.0,130968.0,,,,,,,,,,,,,,131742.1675,132317.7624,,,,,131705.0,,,,130784.4768,130833.1269,,,,,,,,,,,,,,130779.3708,,,,,,,,,,130422.7281,131387.6053,,,,,,,,,131033.3492,132266.7336,,,,,,,,,131427.4213,131945.0859,,,,,,,,,,,,,,,,,,,,,,,,,,,,,131054.0,131400.0,,,,,132460.1889,,,,130604.667,131343.5705,,,,,,,,,,,,,,,,,,,,,,,,,,,,,,,,,,,,,,,,,,,,130975.0,132075.3524,,,,131261.0,,,,,,,,,,,,,,,130709.6667,131722.4105,,,,,,,,,,,,,,,,,,,,,,,,131779.5575,132858.7249,,,,,,,,,,,,,,,,,,,,,,,,,,,,,131263.0,131886.4207,,,,131050.0,131321.6464,,,,,,131675.0,,,,131289.5212,132500.9523,,,,130958.0,131063.0,,,,131681.8281,132920.1216,,,,,,,,,131251.0,133385.0,,,,130922.0,,,,,,,,,,,,,,,,,,,,130825.0,131653.0345,,,,132065.0,133958.0359,,,,130927.6667,132341.7427,,,,130689.726,130969.7689,,,,130585.55,131753.0471,,,,,,,,,131200.0,131556.7501,,,,,,,,,,,,,,131199.3333,131949.3979,,,,,,,,,133712.6195,,131571.5789472973,130620.0
8045,,,,132656.0,132080.7408,,,,,,,,,131244.0,,,,,132534.0,,131000.0,,,132625.0,132000.0,,,,,,131214.0,,,132136.0,133822.0,,,,,,131457.224,,,130772.0,131295.0,,,,,,130939.2293,,,131551.0,132329.9554,131053.419,,,131871.0,131572.2082,131594.3298,,,132510.0,133465.065,,,,132135.0,,130920.3333,,,131900.0,133360.0,,,,,,131410.7775,,,131187.0,131228.0,,,,,,,,,,,130538.1686,,,132493.2376,132974.4464,,,,,131730.0,130717.965,,,131111.438,131160.2097,132309.5061,,,,,,,,,,131042.461,,,131331.6745,,,,,,,131386.0,,,130909.0861,131820.2741,,,,,,131026.6237,,,131732.0452,132972.0063,,,,,,130848.2977,,,131896.7743,132394.7527,130959.3728,,,,,,,,,,,,,,,131204.2499,,,,,,,,,,,,,131645.0,131800.0,131123.9406,,,,132945.4429,131015.232,,,131050.038,131793.4704,,,,,,,,,,,,,,,,,,,,,,,,,,,,,,,,,,,,,,,,,,,,,132661.3436,130971.353,,,132328.0,,,,,,,,,,,,130996.7842,,,131009.6667,132025.5095,,,,,,,,,,,,,,,,,,,,,131010.1089,,,132692.4838,133779.1273,,,,,,,,,,,,,,,,,,,,,,,,,,,,,131907.0,132503.7322,131002.4729,,,131600.0,131665.1585,,130760.0,,,,131900.0,,,,131908.7517,133093.2236,,,,131252.0,131291.0,130977.7327,,,132561.82,133710.5635,,,,,,131004.4806,,,132128.0,134080.0,130970.9803,,,131321.0,,,,,,,,,,,,,,,,,,,,131300.0,132223.8708,130847.9874,,,133040.0,134820.4,131022.9967,,,131639.7152,133104.2949,130992.476,,,131243.959,131417.0337,131045.7696,,,131087.77,132318.7206,,,,,,130986.6118,,,131800.0,132062.016,,,,,,,,,,,131037.9427,,,131692.6667,132447.8273,,,,,131331.1386,,,,134409.7373,131801.68432897195,130529.0
8048,,,131723.3333,,,,,,,,,,,,,,,132374.0,,,,,132100.0,132400.0,,,,,,,,,132797.0,134375.0,,,,,,,,,131628.0,132937.926,,,,,,,,,131997.0,131912.9791,,,,132353.6667,132620.9554,,,,133683.9645,135769.7876,,,,133777.3013,,,,,132513.0,132482.0,,,,,,,,,131605.6321,132544.5248,,,,,,,,,,,,,,132352.4366,132523.6569,,,,,,,,,131904.6611,131241.5234,,,,132600.0,134718.7839,,,,,,,,,131994.4906,132448.519,,,,,,,,,132107.0,133225.0,,,,,,,,,132404.3644,133214.8389,,,,132180.0,,,,,131644.0691,131857.8163,,,,132629.7179,132832.9335,,,,,,,,,,,,,,132384.0,133526.1914,,,,,,,,,132100.0,,,,,,132780.3191,,,,131869.0,132479.056,,,,,,,,,,,,,,,,,,,,,,,,,,,,,,,,,,,,,,,,,,,,,,,,,132351.0,133606.5006,,,,,,,,,,,,,,,132803.7426,,,,131788.0,,,,,,,,,,,,,,,,,,,,132871.4163,133360.9999,,,,,,,,,,,,,,,,,,,,,,,,,,,,,132508.0,,,,,132650.0,132332.595,,,,,131800.0,131310.0,,,,,,,,,,,,,,132623.9074,132904.8689,,,,,,,,,132687.1,133127.6566,,,,132100.9573,132084.1747,,,,,,,,,,,,,,,,,,,132450.0,,,,,132092.204,131828.0934,,,,131790.4242,132315.2074,,,,132207.695,132886.547,,,,,133207.2331,,,,,,,,,132184.0,132951.8798,,,,,,,,,,,,,,132392.3333,132825.8276,,,,,,,,131586.4454,133131.9623,,132539.38658493152,131733.0
8049,132390.444,,,132326.3333,,,,,,,132191.1479,,,,,132034.9462,,,132893.0,,132200.0,,,132400.0,133245.0,132289.3311,,,,,132352.4479,,,133366.0,134672.0,132329.8899,,,,,132099.3187,,,131988.0,133449.8976,,,,,,132310.9252,,,132361.0,132274.3708,132198.818,,,133056.0,133253.9932,132039.917,,,134721.4478,136868.8736,131979.6637,,,135433.6146,,,,,133263.0,133082.0,,,,,,132004.4433,,,131916.3391,132902.4293,,,,,,,,,,,132191.9983,,,133009.2927,133376.7871,,,,,,132366.0,,,132498.2321,131471.1961,131964.5693,,,133300.0,135220.7167,,,,,,132126.433,,,132551.926,132975.1636,,,,,,132152.0,,,132711.0,133735.0,,,,,,132270.7176,,,133097.3382,134016.8473,131557.3567,,,132640.0,,132266.4,,,131995.151,132300.159,132333.8825,,,133151.2155,133394.8956,,,,,,132331.8862,,,,,,,,133140.0,134090.3639,,,,,,131754.9592,,,132525.0,,,,,,133442.8705,132214.1052,,,132389.0,132974.2158,,,,,,,,,,,,,,,,,,,,,,,,,,,,,,,,,,,,,,,,,,,,,,,,,132991.0,134357.3922,,,,,,,,,,,132182.1646,,,,133556.6419,,,,132178.0,,,,,,,,,,,,,,,,,132354.3222,,,133759.3578,134252.2132,,,,,,,,,,,,,,,,,,,,,,,,,,,,,133167.0,,132321.9047,,,133364.0,132811.4389,,132250.0,,,132450.0,131540.0,,,,,,132364.8249,,,,,132213.3333,,,133357.4743,133629.8913,,,,,,131633.515,,,133345.6,133835.382,132191.6782,,,132574.0446,132460.1331,,,,,,,,,,,,,,,,132338.8732,,,133113.0,,132126.433,,,132715.2204,132156.4349,132297.9493,,,132056.8539,132854.6719,132210.486,,,132865.897,133499.943,132116.0,,,,133892.8332,,,,,,132342.8658,,,132846.0,133600.879,,,,,,,,,,,132294.6254,,,132879.0,133314.3757,,,,,132249.0122,,,132172.3715,133976.7093,132793.7984052632,132661.0
8052,,,,134287.915,,,,,,,,,,133457.7922,,,,134003.0,133313.2861,,,,134400.0,133400.0,,,,133818.1228,133336.2258,,,,133935.0,133659.4172,,,,,133793.1685,,,,,133342.0075,,,,133907.0,,,,,134028.0,133617.4952,,,,134142.738,133630.9277,,,,134560.0,133394.0948,,,,133965.0,133645.3301,,,,,,,,,,,,,,133778.1482,133475.7421,,,,,,,,,,,,,,134108.8125,133610.5205,,,,,,,,,133985.4003,133660.0,,,,,132914.8021,,,,,,,,,134348.8587,133379.6462,,,,,,,,,,132944.0,,,,,,,,,134183.6851,133483.2708,,,,,131764.2818,,,,134120.4,133544.7,,,,134279.239,134025.5167,,,,,,,,,134395.0,134128.5447,,,,,,,,,,,,,,134465.0,133551.6177,,,,,,,,,134194.0,133559.6028,,,,,,,,,,,,,,,,,,,,,,,,,,,,,,,,,,,,,,,,,,,,,,,,,,,,,,,,,,,,,,,,,133379.937,,,,,,,,,,,,,,,,,,,,,,,,134546.5432,134268.8481,,,,,,,,,,,,,,,,,,,,,,,,,,,,,134345.1962,,,,,134729.0,133704.3337,,,,,134150.0,133850.0,,,,,,,,,134692.0,134368.0992,,,,134468.0,133966.6667,,,,,,,,,134236.0,132182.494,,,,134179.0,133501.0632,,,,,,,,,,,,,,,,,,,134334.0,134054.6821,,,,134084.5549,133317.9117,,,,134058.3878,133631.7635,,,,134289.411,133410.868,,,,134195.27,133181.0,,,,,,,,,134129.0,133809.1388,,,,,,,,,,,,,,133725.4227,133571.0127,,,,,,,,134866.5269,133575.0553,,133846.55916842108,133864.0
8053,134401.6264,,,,134862.513,,,,,,,,,,132632.3274,,,,134384.0,133674.4281,134326.9561,,,134800.0,133800.0,134390.0774,,,134548.1272,134129.1422,134408.5956,,,134246.0,133969.9065,,,,,134658.559,133767.4264,,,,133680.3782,134008.3626,,,134470.0,,134426.5165,,,134294.0,134006.7712,134364.9406,,,134692.1862,134134.4217,,,,135260.0,133926.1841,134414.5693,,,134491.0,134139.5137,,,,,,,,,,,134254.4761,,,134212.7971,134027.3809,,,,,,,,,,,,,,134642.0588,134141.7856,,,,,,134232.126,,,134418.746,134061.0,,,,,133114.4308,,,,,,134363.1908,,,134883.0595,133844.044,,,,,,134297.0,,,,133028.0,,,,,,134396.273,,,134684.068,133868.6997,,,,,131833.3234,134258.2786,,,134698.0,133987.8,134513.2472,,,134964.0846,134743.1813,,,,,,134406.6044,,,134965.0,134727.4309,,,,,,,,,,,133759.4615,,,135030.0,134150.5039,134282.1539,,,,,134191.5539,,,134565.0,133929.9141,,,,,,,,,,,,,,,,134396.6484,,,,,134299.058,,,,,,,,,,,,,,,,,,,,,,,,,134384.06,,,,,,,,,,,,,,,134312.022,,,,133829.1016,,,,,,,,,,,,,,,,,,,,,134396.2729,,,135346.657,135001.3114,,,,,,,,,,,,,,,,,,,,,,,,,,,,,134909.5535,,133763.4439,,,135224.0,134188.4333,,134200.0,,,134500.0,134150.0,,,,,,134410.0,,,135463.0,135137.6679,134162.6813,,,135051.0,134550.0,,,,,,134330.0841,,,134806.0,132382.1227,134466.3407,,,134645.0,133920.6463,,,,,,,,,,,,,,,,134406.6044,,,134954.0,134653.5683,134330.0841,,,134584.5682,133815.066,134356.4335,,,134615.5834,134177.2315,134943.5,,,134840.003,133859.264,133733.5758,,,134694.46,133653.0,,,,,,134373.4508,,,134698.0,134316.1957,,,,,,,,,,,134435.0678,,,134379.4723,134155.9388,,,,,,,,135626.9594,134139.4071,134322.3661622807,135047.0
8056,,,,136123.0266,,,,,,,,,136872.0,,,,,,,,,,136500.0,135984.6375,,,,136003.2,135887.2674,,,,136532.0,135955.765,,,,,,,,,136727.0,135350.4375,,,,137260.0,135186.1627,,,,136935.0,135962.7342,,,,136522.491,135718.1388,,,,,,,,,138024.0,136136.965,,,,,,,,,,,,,,136014.8,135473.5938,,,,,,,,,,,,,,,,,,,,,,,,136327.9147,135511.3708,,,,,,,,,,,,,,136664.3443,135972.3456,,,,,,,,,,135582.0,,,,,,,,,136385.0962,136106.2014,,,,,,,,,136191.4,135278.0721,,,,136925.0551,136592.8131,,,,,,,,,136577.0,136039.3958,,,,,,,,,,,,,,136260.0,135526.6595,,,,136517.0,135775.5606,,,,136244.587,135206.0748,,,,,,,,,,,,,,,,,,,136849.0,135933.1979,,,,,135747.9496,,,,,,,,,,,,,,136859.0,,,,,,,,,,136529.007,135871.6178,,,,,,,,,,,,,,,135656.0881,,,,,,,,,,,,,,,,,,,,,,,,136630.7038,135972.3456,,,,,,,,,,,,,,,,,,,,,,,,,,,,,136643.0,,,,,135600.0,135292.6924,,,,,136350.0,135500.0,,,,,,,,,136858.0,136387.0,,,,136634.0,135317.5825,,,,,,,,,136866.0629,136072.5748,,,,,136067.2727,,,,,,,,,,,,,,,,,,,136732.0,135999.5716,,,,136462.4932,136005.6593,,,,136725.9862,135654.9028,,,,136370.4,136436.3,,,,136257.0,135172.2243,,,,,,,,,136399.4,135941.9261,,,,,,,,,,,,,,136256.4665,135850.2309,,,,,,,,136785.3053,,,136180.52095733336,136747.0
8057,,,,,136704.4596,,,,,,,,,137395.0,,,,,,,137300.0,,,136900.0,136596.9343,137277.5,,,136511.1,136454.6624,137157.0,,,137021.2333,136442.6156,,,,,,136937.0,,,137297.0,135888.0639,137130.0,,,136600.0,135641.154,137169.0,,,137332.0,136400.8002,137269.334,,,137069.128,136011.9798,,,,,,137453.0,,,138780.0,136724.3717,,,,,,,,,,,,,,136331.0,135882.6876,,,,,,,,,,,,,,,,,,,,,137123.0543,,,136735.0708,135917.9049,,,,,,,,,,,137492.982,,,137173.9778,136513.0018,,,,,,,,,,136062.0,,,,,,137280.9352,,,136859.9582,136714.588,,,,,,137138.4743,,,136597.5,135744.4783,137250.1676,,,137877.0117,137480.9047,,,,,,137314.9317,,,137117.0,136577.0222,,,,,,,,,,,137375.0,,,136875.0,136173.8024,,,,137132.0,136298.2529,136910.919,,,136761.973,135713.8331,,,,,,,,,,,,,,,,137285.3333,,,137504.0,136547.1541,137328.1748,,,,136257.0044,,,,,,,,,,,137166.4724,,,137459.0,,,,,,,137207.3243,,,137067.9169,136387.2096,,,,,,137349.5942,,,,,,,,,136253.4507,,,,,,137255.0,,,,,,,,,,137310.5303,,,,,137223.1221,,,137173.9778,136546.5802,137302.0,,,,,,,,,,,,,,,,,,,,,,,,,137287.0,,,137244.0,,,,,135725.0,135815.3848,,137300.0,,,137000.0,135950.0,,,,,,137296.0,,,137608.0,137098.0,137203.3381,,,137209.0,135715.8243,,,,,,137303.9716,,,137477.846,136680.8111,,,,,136555.1189,,,,,,,,,,,,,,,,137292.0,,,137339.0,136557.1101,137324.5061,,,137005.0983,136546.4479,137220.3333,,,137305.4177,136247.7981,137206.5,,,136895.9,137010.9,137360.0,,,136766.0,135929.8793,,,,,,137219.8,,,136944.9,136540.6826,137359.7684,,,,,,,,,,137233.495,,,137004.6449,136248.0239,,,,,,,,137665.5937,,136895.62573008853,137734.0
8060,,,,,,,,,,,,,,,,,,,,,,,139534.0,139000.0,,,,139665.0,139122.0,,,,139389.0,138622.0,,,,,,,,,138377.0,137532.0,,,,139364.0,138028.0,,,,139597.0,138139.0,,,,139525.9983,139154.1204,,,,,,,,,140493.0,139962.0,,,,,,,,,,,,,,139553.8,,,,,,,,,,,,,,,,,,,,,,,,,139143.3641,138498.8599,,,,,,,,,,,,,,139280.5864,139447.6066,,,,,,,,,,,,,,,,,,,139727.0753,139095.2513,,,,,,,,,139183.3,138318.8756,,,,140189.5862,139186.2212,,,,,,,,,139578.0,139018.7269,,,,,,,,,,,,,,,139250.0,,,,,,,,,139816.293,138870.0713,,,,,,,,,,,,,,,,,,,,139137.0,,,,139936.0518,139294.4027,,,,,,,,,,,,,,139480.0,139048.6181,,,,,,,,,,139029.941,,,,,,,,,139315.2194,139093.1522,,,,,,,,,140502.0,,,,,139219.0,138664.0,,,,,,,,,139791.5496,139163.0499,,,,139589.1217,138968.9915,,,,139624.0,139087.0,,,,,,,,,,,,,,,,,,,,,,,,139657.0,139084.0,,,,,,,,,,139500.0,139100.0,,,,,,,,,139981.0,139534.0,,,,139652.0,139004.7777,,,,,,,,,139734.2315,138803.5107,,,,,,,,,,,,,,,,,,,,,,,,139687.0,139102.0,,,,139692.0846,139208.4124,,,,139694.8479,138558.0907,,,,139621.5,139128.0,,,,139830.0,139480.0,,,,,,,,,139756.0,139252.7,,,,139712.2478,139369.4497,,,,,,,,,,138739.3197,,,,,,,,,,,139290.3649608108,140061.0
8061,,,,,,,,,,,,,,,,,,,,,140589.3549,,,140134.0,139500.0,,,,140309.0,139722.5,140642.0,,,139902.0,139131.0,,,,,,,,,138587.0,137732.0,140869.0135,,,139819.0,138350.0,140813.0,,,140238.0,,140872.777,,,140107.9615,139753.9274,,,,,,140600.8832,,,141444.0,140956.0,,,,,,,,,,,140777.0,,,140001.0,,,,,,,,,,,,,,,,,,,,,,,,,139662.242,139018.2306,,,,,,,,,,,140928.2922,,,139765.5299,140036.5178,,,,,,,,,,,,,,,,,,,140417.2455,139779.4346,,,,,,140592.3452,,,139536.2,138770.3315,141078.4708,,,141099.6007,140122.9973,,,,,,140280.7317,,,140148.0,139586.6586,,,,,,,,,,,140850.0,,,,139875.0,,,,,,,,,140454.681,139503.8094,,,,,,,,,,,,,,,,,,,,139802.0,140831.3355,,,140670.7161,139990.8747,,,,,,,,,,,140778.1245,,,140105.0,139691.2776,,,,,,140913.9586,,,,139645.786,,,,,,,,,139868.4946,139704.6696,140659.9355,,,,,,,,141262.0,,,,,139658.0,139104.0,,,,,,140910.1947,,,140469.0336,139753.0499,,,,140213.0767,139590.1746,140900.9745,,,140234.0,139687.0,,,,,,,,,,,,,,,,,,,,,,,,140268.0,139693.0,,,,,,,,,,140100.0,139650.0,,,,,,140858.0269,,,140722.0,140275.0,140901.9733,,,140252.0,139602.6006,,,,,,140868.7577,,,140348.4869,139302.6928,140886.0,,,,,,,,,,,,,,,,,,,,140927.9416,,,140317.0,139732.0,140825.0606,,,140385.3668,139864.9926,140901.9733,,,140188.3793,139053.7345,140490.0,,,140160.5,139875.1,140892.0,,,140640.0,140280.0,,,,,,140922.648,,,140389.5,140071.6,140926.9428,,,140412.5122,140080.8589,,,,,,140873.5413,,,,139191.6724,,,,,140781.0,,,,,140179.9449567308,141011.0
8064,,,,,,,,,,,,,,,,,,,,,,,,142477.0503,,,,142689.1,,,,,142526.0,141975.0,,,,,,,,,141660.0,,,,,142458.0,142656.8308,,,,143147.0,143067.0,,,,143012.9409,142942.0421,,,,,,,,,142086.0,142872.6994,,,,,,,,,,,,,,143201.677,142704.0,,,,,,,,,,,,,,,,,,,143190.9234,,,,,143136.7585,,,,,,,,,,,,,,,142278.2048,143141.9994,,,,,,,,,,,,,,,,,,,,,,,,143423.0,,,,,,141910.6399,,,,142743.9967,142656.2078,,,,,,,,,142711.0,140889.9879,,,,,,,,,,,,,,143450.0,142500.0,,,,,,,,,,,,,,,,,,,,,,,,,,,,,,,,,,143088.9744,143167.8564,,,,,,,,,,,,,,143036.0,142765.6978,,,,,,,,,142981.0,143014.3942,,,,,,,,,142291.0626,,,,,142798.6667,142457.7405,,,,142527.0,,,,,142841.0,,,,,,,,,,141181.7179,143359.3477,,,,143015.5684,,,,,142862.0,142837.61,,,,,,,,,,,,,,,,,,,142942.0,,,,,142936.0109,,,,,,,,,,,,,,,,,,,,,,143551.7382,,,,143008.0,142924.504,,,,,,,,,143060.1328,143056.3491,,,,,142962.0,,,,,,,,,,,,,,,,,,,142929.0,143175.1979,,,,143085.6226,143667.012,,,,142992.0,142560.0542,,,,142580.0,141850.0,,,,143144.0,143537.0,,,,,,,,,142646.2,142924.7037,,,,143031.0498,143013.0669,,,,,,,,,142629.3367,142475.8717,,,,,,,,,143001.0,,142785.52273529413,142963.0
8065,143510.5,,,,,,,,,,,,,,,,,,,,143548.0,,,,143106.282,143533.7753,,,143139.5,,143542.381,,,142896.0,142345.0,,,,,,143158.0,,,141860.0,,143475.3369,,,143258.0,143051.3491,143545.3829,,,143846.0,143566.0,143591.9507,,,143784.219,143629.6339,,,,,,,,,142720.0,143562.2179,,,,,,,,,,,143351.5,,,143938.677,143239.0,,,,,,,,,,,,,,,,,,,144042.4432,,143391.889,,,143816.6581,,,,,,,,,,,,143460.7648,,,142703.132,143746.5126,,,,,,,,,,,,,,,,,,,,,,,,144219.0,,143550.3588,,,,142316.0414,143421.372,,,143297.4961,143224.777,,,,,,143463.329,,,143211.0,141089.744,,,,,,,,,,,144023.3668,,,144225.0,143000.0,,,,,,,,,,,,,,,,,,,,,,,,,,,,,,,143534.852,,,143804.4193,143883.6957,,,,,,,,,,,143563.3948,,,143661.0,143364.9662,,,,,,,,,143753.0,143645.6235,,,,,,143652.8536,,,142748.5055,,143488.3454,,,143323.6667,142982.1003,143338.0,,,142977.0,,143544.8444,,,143334.0,,,,,,,143570.9049,,,141409.9101,144179.4163,143566.7573,,,143725.3449,,143591.9135,,,143452.0,143421.8967,,,,,,,,,,,,,,,,,,,143467.0,,,,,143535.5004,,,,,,,,,,,,,,,,,,143572.4007,,,,144438.6553,143607.4237,,,143683.0,143598.6809,,,,,,143731.4196,,,143729.5232,143813.7803,,,,,143566.0,,,,,,,,,,,,,,,,143584.4086,,,143620.0,143924.2833,143602.036,,,143866.1831,144662.2908,143567.3974,,,143432.3617,142999.0856,143210.0,,,143030.0,142240.0,,,,144093.0,144477.0,,,,,,143597.0169,,,143122.0,143587.6943,,,,143681.3263,143658.4147,,,,,,143552.721,,,143133.37,142968.9697,,,,,,,,,143751.0,143435.88064455445,143549.0
8068,,,144879.0,145018.2,,,,,,,,,,,,,,,,,,,145199.0,145258.0,,,,145134.0,144954.0091,,,,144704.0,144681.1297,,,,,,,,,144099.0,143713.0,,,,,144815.2179,,,,145467.0,145468.6475,,,,145395.7329,145473.05,,,,,,,,,144132.0,,,,,,,,,,,,,,,145247.1,144826.5,,,,,,,,,,,,,,,,,,,,,,,,145169.9808,145011.0956,,,,,,,,,,,,,,145375.3878,145143.1373,,,,,,,,,,,,,,,,,,,145745.8207,,,,,144063.0,,,,,144823.5648,144695.0368,,,,145107.946,144426.6266,,,,,,,,,144129.0,145114.4146,,,,,,,,,,,,,,,145389.2093,,,,,,,,,,,,,,,,,,,,,,,,,,,,,,,,,,145314.6625,145264.169,,,,,,,,,,,,,,145349.0,145214.4804,,,,,,,,,,,,,,,,,,,145739.7235,145544.7976,,,,145338.7,144914.283,,,,144524.0,144313.0,,,,145284.226,145331.6372,,,,,,,,,145152.5595,145188.2302,,,,145268.1656,145321.8719,,,,145185.0,145237.4955,,,,,,,,,,,,,,,,,,,,,,,,145376.4625,,,,,,,,,,,,,,,,,,,,,145439.0,145520.6817,,,,145374.0,145383.5916,,,,,,,,,145425.5175,145362.7557,,,,,,,,,,,,,,,,,,,,,,,,145245.0,145315.5468,,,,145339.6382,145536.2989,,,,145080.8397,145073.1519,,,,145330.0,144680.0,,,,,,,,,,,,,,144909.3,145124.121,,,,145181.6245,,,,,,,,,,145033.23,145009.5756,,,,,,,,,,,145085.29195507252,145131.0
8069,145637.8708,,,145245.0,145431.4,,,,,,,,,,,,,,,,145626.0,,,145709.0,145783.0,145697.5556,,,145495.0,145165.9485,145623.0,,,145202.0,145134.4277,,,,,,145279.962,,,144274.0,143888.0,145683.8591,,,,145198.4699,145687.858,,,146069.0,147658.0871,145686.306,,,146070.9301,146167.0368,,,,,,,,,144463.0,,,,,,,,,,,,145590.0,,,145758.5,145323.0,,,,,,,,,,,,,,,,,,,,,145711.524,,,145750.6607,145591.14,,,,,,,,,,,145708.073,,,145953.4325,145684.389,,,,,,,,,,,,,,,,145668.1288,,,146480.5593,,144277.2177,,,144268.0,,,,,145313.4656,145184.5029,145747.005,,,145454.2279,144674.9465,,,,,,145730.8471,,,144309.0,145614.7436,,,,,,,,,,,145650.0,,,,145751.3272,,,,,,,,,,,,,,,,,,,,,,,,,,,,,,,145638.9585,,,145895.9211,145845.2258,,,,,,,,,,,145730.5139,,,145899.0,145714.8093,,,,,,145705.8534,,,,,,,,,,145454.6326,,,146390.6855,146257.166,145700.5215,,,145863.7,145289.5297,,,,144824.0,144613.0,145633.2695,,,145782.9007,145777.41,,,,,,145684.6414,,,145648.1754,145674.3656,145672.2064,,,145845.784,145863.7901,145658.1989,,,145665.0,145717.8113,,,,,,,,,,,,,,,,,,,,,145700.3017,,,145932.4154,,,,,,,,,,,,,,,,,,145595.8815,,,146114.0,146196.1258,145691.857,,,145899.0,145908.937,,,,,,145812.8628,,,146045.1926,145910.0112,,,,,,,,,,,,,,,,,,,,,145696.8557,,,145775.0,145845.8955,145708.073,,,145953.4325,146114.9835,145479.3686,,,145331.8628,145563.3278,145790.0,,,145830.0,145140.0,,,,,,,,,,,145609.578,,,145942.6,145523.9839,145668.3197,,,145662.6831,,,,,,,,,,145187.1267,145452.3268,,,,,,,,,,145601.92765,145720.0
8072,,,,147400.4214,,,,,,,,,,,,,,,,,,,,147045.0,,,,146921.0,146694.2015,,,,147220.0,147389.0,,,,,,,,,147166.0,145744.8435,,,,147210.0,147172.4795,,,,147415.0,147097.4987,,,,147312.8334,147268.913,,,,,,,,,147390.2314,,,,,,,,,,,,,,,146859.2398,146348.0,,,,,,,,,,,,,,,,,,,,,,,,147661.3538,147650.7384,,,,,,,,,,,,,,147392.5765,147416.7999,,,,,,,,,,,,,,,,,,,147259.8743,147260.273,,,,,145795.8305,,,,,,,,,147058.2845,146480.1646,,,,,,,,,147432.0,147380.4265,,,,,,,,,,,,,,147283.6523,147075.0,,,,,,,,,,,,,,,,,,,,,,,,,,,,,,,,,,147292.1069,147173.5261,,,,,,,,,,,,,,147372.0,147380.0933,,,,,,,,,147345.0,147513.3926,,,,,,,,,147658.8421,146817.4278,,,,147219.6667,147125.1583,,,,,,,,,,146980.8698,,,,,,,,,147198.8653,147221.0038,,,,147247.3979,147126.5021,,,,147100.0,147015.5196,,,,,,,,,,,,,,,,,,,,,,,,147447.0,147323.0189,,,,,,,,,,,,,,,,,,,,147259.0,147194.4739,,,,,147141.4874,,,,,,,,,147583.6531,147475.0397,,,,,,,,,,,,,,,,,,,,,,,,147253.0,147201.4721,,,,147356.1522,147561.8952,,,,147063.3492,147067.8746,,,,147550.0,147170.0,,,,,,,,,,,,,,,146695.8011,,,,147244.5458,147192.3676,,,,,,,,,147233.0,,,,,,,,,,,,147175.7899939394,147197.0
8073,147752.5,,,,147956.2797,,,,,,,,,,,,,,,,147472.5619,,,,147474.0,147735.6437,,,147302.0,147090.7004,147684.2255,,,147629.0,147832.0,,,,,,147143.0857,,,147616.0,145894.8053,,,,147780.0,147742.3343,147765.0969,,,147929.0,147510.3934,147550.7961,,,147823.131,147784.441,,,,,,147737.1141,,,147787.0204,,,,,,,,,,,,147578.0942,,,147231.3398,147121.0,,,,,,,,,,,,,,,,,,,,,147748.9888,,,148251.9992,148241.3413,,,,,,,,,,,148036.1791,,,147942.2165,148002.9617,,,,,,,,,,,,,,,,147773.0,,,147746.3337,147784.2466,,,,,146159.7377,,,,,,147692.1567,,,147434.9297,146760.1692,,,,,,147796.0477,,,147972.0,147880.2991,,,,,,,,,,,,,,147760.0081,147500.0,,,,,,,,,,,,,,,,,,,,,,,,,,,,,,,147748.9888,,,147807.6293,147688.6334,,,,,,,,,,,147721.1667,,,147872.0,147879.9659,,,,,,147766.0953,,,147954.0,148109.2407,,,,,,147845.1301,,,148178.1977,147177.8131,147796.3805,,,147594.6667,147500.0627,147647.0,,,,,,,,,147441.7866,,,,,,147751.2311,,,147647.8244,147745.0746,147745.9107,,,147760.08,147602.3497,147692.0,,,147520.0,147460.4061,,,,,,,,,,,,,,,,,,,,,,,,148050.0,147912.7964,,,,,,147747.0209,,,,,,,,,,,147700.2001,,,147757.0,147692.347,,,,,147591.3727,,,,,,,,,148177.3251,148174.1831,,,,,,,,,,,,,,,,,,,,,147755.1128,,,147713.0,147661.3549,,,,147832.7426,148148.634,147678.235,,,147611.7615,147605.3053,147860.0,,,148190.0,147570.0,147755.1128,,,,,,,,,,,,,,147147.4859,,,,147703.2035,147645.3552,,,,,,,,,147704.0,,,,,,,,,,,147678.34064631577,148062.0
